I_d, I_q, I_d_f, I_q_f, errId, errIq 
-593, -1023, -591.000000, -1023.642029, -2.000000, 0.642029 
-575, -1018, -574.333374, -1017.868530, -0.666626, -0.131470 
-558, -1011, -557.333374, -1011.517700, -0.666626, 0.517700 
-566, -993, -564.615051, -992.134644, -1.384949, -0.865356 
-549, -986, -547.463745, -986.204529, -1.536255, 0.204529 
-555, -967, -553.637085, -966.944214, -1.362915, -0.055786 
-538, -962, -536.344849, -961.438416, -1.655151, -0.561584 
-519, -955, -518.025452, -955.405273, -0.974548, 0.405273 
-526, -938, -523.984375, -937.274536, -2.015625, -0.725464 
-507, -933, -505.521820, -931.694519, -1.478180, -1.305481 
-511, -914, -510.392029, -913.768005, -0.607971, -0.231995 
-494, -909, -492.461060, -908.579041, -1.538940, -0.420959 
-475, -903, -473.866699, -903.455688, -1.133301, 0.455688 
-479, -887, -477.526550, -886.228943, -1.473450, -0.771057 
-461, -882, -459.473206, -881.483276, -1.526794, -0.516724 
-463, -866, -461.812317, -865.172363, -1.187683, -0.827637 
-445, -861, -443.232788, -860.351013, -1.767212, -0.648987 
-426, -857, -424.653259, -855.529663, -1.346741, -1.470337 
-429, -842, -426.909760, -840.445435, -2.090240, -1.554565 
-410, -837, -408.217102, -836.083252, -1.782898, -0.916748 
-411, -822, -409.457703, -821.370972, -1.542297, -0.629028 
-393, -818, -390.663177, -817.470642, -2.336823, -0.529358 
-373, -814, -371.428772, -813.069519, -1.571228, -0.930481 
-374, -801, -372.010986, -799.745728, -1.989014, -1.254272 
-354, -797, -352.673950, -795.819763, -1.326050, -1.180237 
-354, -785, -352.746033, -783.440857, -1.253967, -1.559143 
-334, -781, -332.854065, -779.513916, -1.145935, -1.486084 
-315, -777, -313.426147, -776.065613, -1.573853, -0.934387 
-314, -766, -313.110992, -764.493835, -0.889008, -1.506165 
-294, -762, -293.128296, -761.058228, -0.871704, -0.941772 
-293, -753, -291.728546, -750.662964, -1.271454, -2.337036 
-274, -749, -272.305023, -747.526489, -1.694977, -1.473511 
-254, -746, -252.243774, -744.584167, -1.756226, -1.415833 
-253, -737, -251.016953, -735.486450, -1.983047, -1.513550 
-233, -734, -231.023865, -732.386353, -1.976135, -1.613647 
-230, -726, -228.307129, -724.091064, -1.692871, -1.908936 
-210, -723, -208.752670, -721.915161, -1.247330, -1.084839 
-207, -717, -206.353973, -714.441406, -0.646027, -2.558594 
-187, -714, -186.232468, -712.329956, -0.767532, -1.670044 
-167, -711, -166.110947, -710.218445, -0.889053, -0.781555 
-163, -706, -162.861511, -703.890259, -0.138489, -2.109741 
-143, -703, -142.694107, -702.275146, -0.305893, -0.724854 
-141, -699, -139.212677, -697.036804, -1.787323, -1.963196 
-121, -698, -119.620590, -695.647949, -1.379410, -2.352051 
-99, -695, -98.880150, -694.138367, -0.119850, -0.861633 
-97, -691, -95.782730, -690.207275, -1.217270, -0.792725 
-75, -691, -75.011414, -689.209167, 0.011414, -1.790833 
-73, -689, -71.774353, -686.364990, -1.225647, -2.635010 
-53, -687, -51.579651, -685.578064, -1.420349, -1.421936 
-31, -686, -31.384993, -684.791199, 0.384993, -1.208801 
-27, -685, -27.472219, -683.170044, 0.472219, -1.829956 
-7, -685, -7.264282, -682.880981, 0.264282, -2.119019 
-3, -685, -3.302302, -682.366638, 0.302302, -2.633362 
17, -685, 17.481924, -682.238647, -0.481924, -2.761353 
38, -683, 37.686722, -681.780823, 0.313278, -1.219177 
42, -685, 41.658981, -682.886475, 0.341019, -2.113525 
62, -685, 61.868965, -682.926514, 0.131035, -2.073486 
66, -687, 65.789978, -685.139526, 0.210022, -1.860474 
86, -687, 85.992828, -685.677490, 0.007172, -1.322510 
106, -687, 106.195679, -686.215515, -0.195679, -0.784485 
110, -691, 110.038849, -689.365845, -0.038849, -1.634155 
130, -693, 130.222336, -690.401489, -0.222336, -2.598511 
134, -695, 133.386398, -694.268982, 0.613602, -0.731018 
156, -697, 154.143860, -695.522888, 1.856140, -1.477112 
176, -699, 174.295654, -697.055542, 1.704346, -1.944458 
178, -705, 177.254852, -702.504639, 0.745148, -2.495361 
198, -706, 197.440613, -703.871094, 0.559387, -2.128906 
201, -713, 200.185089, -710.385254, 0.814911, -2.614746 
221, -714, 220.331055, -712.248718, 0.668945, -1.751282 
224, -722, 222.810226, -719.820068, 1.189774, -2.179932 
245, -723, 243.528748, -721.946167, 1.471252, -1.053833 
265, -726, 263.108582, -723.880981, 1.891418, -2.119019 
266, -734, 265.223877, -732.997070, 0.776123, -1.002930 
288, -737, 285.380188, -735.196167, 2.619812, -1.803833 
289, -746, 286.640808, -744.901001, 2.359192, -1.098999 
309, -749, 306.736847, -747.595886, 2.263153, -1.404114 
328, -751, 326.197510, -750.492920, 1.802490, -0.507080 
330, -763, 327.631744, -761.491089, 2.368256, -1.508911 
350, -766, 347.655212, -764.680176, 2.344788, -1.319824 
350, -778, 348.178772, -776.222168, 1.821228, -1.777832 
370, -782, 367.473145, -780.074402, 2.526855, -1.925598 
389, -785, 386.942017, -783.283081, 2.057983, -1.716919 
390, -798, 386.910400, -796.266052, 3.089600, -1.733948 
409, -801, 406.294250, -799.953491, 2.705750, -1.046509 
409, -815, 405.749329, -813.884460, 3.250671, -1.115540 
428, -818, 424.590424, -817.552917, 3.409576, -0.447083 
448, -823, 443.877563, -821.716797, 4.122437, -1.283203 
445, -838, 442.242889, -836.534851, 2.757111, -1.465149 
465, -842, 461.643188, -840.543945, 3.356812, -1.456055 
462, -857, 459.431732, -856.254578, 2.568268, -0.745422 
482, -862, 478.069275, -860.846680, 3.930725, -1.153320 
500, -866, 496.285645, -864.921875, 3.714355, -1.078125 
498, -882, 494.004822, -881.846436, 3.995178, -0.153564 
516, -887, 512.115295, -886.369263, 3.884705, -0.630737 
512, -905, 508.115448, -903.685059, 3.884552, -1.314941 
530, -909, 526.771484, -908.578979, 3.228516, -0.421021 
549, -914, 544.765015, -913.546631, 4.234985, -0.453369 
545, -933, 540.622070, -932.042969, 4.377930, -0.957031 
562, -937, 558.105957, -936.906006, 3.894043, -0.093994 
557, -957, 552.580505, -956.219971, 4.419495, -0.780029 
576, -962, 570.604614, -961.471191, 5.395386, -0.528809 
593, -967, 587.963379, -966.763428, 5.036621, -0.236572 
586, -987, 581.855652, -986.649597, 4.144348, -0.350403 
604, -991, 598.724304, -991.803345, 5.275696, 0.803345 
597, -1013, 591.850464, -1012.386108, 5.149536, -0.613892 
610, -1018, 604.587280, -1018.003113, 5.412720, 0.003113 
588, -1038, 582.584839, -1038.403564, 5.415161, 0.403564 
592, -1045, 585.846802, -1044.217773, 6.153198, -0.782227 
594, -1050, 589.108765, -1050.031982, 4.891235, 0.031982 
572, -1070, 565.865601, -1069.530884, 6.134399, -0.469116 
574, -1075, 568.983276, -1075.423584, 5.016724, 0.423584 
550, -1094, 544.989441, -1094.486328, 5.010559, 0.486328 
553, -1099, 547.663879, -1099.857422, 5.336121, 0.857422 
556, -1105, 550.338257, -1105.228271, 5.661743, 0.228271 
532, -1123, 525.200256, -1123.282959, 6.799744, 0.282959 
534, -1129, 527.741577, -1128.718262, 6.258423, -0.281738 
508, -1146, 501.911621, -1146.263428, 6.088379, 0.263428 
510, -1151, 504.050873, -1151.148926, 5.949127, 0.148926 
512, -1157, 506.190063, -1156.034424, 5.809937, -0.965576 
486, -1173, 479.572998, -1173.091553, 6.427002, 0.091553 
488, -1178, 481.338928, -1177.411133, 6.661072, -0.588867 
461, -1194, 454.080139, -1193.897705, 6.919861, -0.102295 
462, -1198, 455.739105, -1198.259521, 6.260895, 0.259521 
464, -1202, 457.398071, -1202.621338, 6.601929, 0.621338 
436, -1217, 428.959229, -1217.298096, 7.040771, 0.298096 
437, -1222, 430.510223, -1221.699463, 6.489777, -0.300537 
408, -1235, 401.516083, -1235.739502, 6.483917, 0.739502 
409, -1241, 402.958130, -1240.177734, 6.041870, -0.822266 
410, -1243, 404.194214, -1243.981934, 5.805786, 0.981934 
381, -1257, 374.374573, -1256.757324, 6.625427, -0.242676 
382, -1261, 375.516541, -1260.590820, 6.483459, -0.409180 
352, -1273, 345.217590, -1272.677002, 6.782410, -0.322998 
353, -1275, 346.090210, -1275.894043, 6.909790, 0.894043 
354, -1279, 346.962860, -1279.111084, 7.037140, 0.111084 
324, -1290, 316.136444, -1290.508789, 7.863556, 0.508789 
324, -1294, 316.929565, -1293.746338, 7.070435, -0.253662 
293, -1303, 285.529358, -1303.766846, 7.470642, 0.766846 
293, -1306, 286.099854, -1306.371826, 6.900146, 0.371826 
261, -1315, 254.333435, -1315.642334, 6.666565, 0.642334 
262, -1318, 254.839569, -1318.260498, 7.160431, 0.260498 
262, -1321, 255.345703, -1320.878662, 6.654297, -0.121338 
230, -1329, 223.056213, -1328.741211, 6.943787, -0.258789 
230, -1331, 223.387314, -1330.713623, 6.612686, -0.286377 
198, -1338, 190.816650, -1337.793335, 7.183350, -0.206665 
198, -1339, 191.099060, -1339.773193, 6.900940, 0.773193 
198, -1342, 191.381470, -1341.753174, 6.618530, -0.246826 
166, -1347, 158.421509, -1347.385376, 7.578491, 0.385376 
166, -1349, 158.577209, -1348.709473, 7.422791, -0.290527 
133, -1354, 125.423477, -1353.534668, 7.576523, -0.465332 
133, -1355, 125.546501, -1354.862305, 7.453499, -0.137695 
133, -1355, 125.608017, -1355.526123, 7.391983, 0.526123 
100, -1359, 92.263260, -1359.539551, 7.736740, 0.539551 
100, -1361, 92.308395, -1360.204712, 7.691605, -0.795288 
66, -1363, 58.797272, -1362.732178, 7.202728, -0.267822 
66, -1363, 58.826012, -1363.398193, 7.173988, 0.398193 
66, -1363, 58.826012, -1363.398193, 7.173988, 0.398193 
33, -1365, 25.217468, -1364.433594, 7.782532, -0.566406 
33, -1365, 25.217468, -1364.433594, 7.782532, -0.566406 
0, -1365, -8.406382, -1364.640869, 8.406382, -0.359131 
0, -1365, -8.406382, -1364.640869, 8.406382, -0.359131 
0, -1365, -8.406382, -1364.640869, 8.406382, -0.359131 
-35, -1363, -42.004436, -1363.353149, 7.004436, 0.353149 
-35, -1363, -41.983906, -1362.686768, 6.983906, -0.313232 
-69, -1361, -75.507538, -1360.572998, 6.507538, -0.427002 
-69, -1359, -75.470596, -1359.907471, 6.470596, 0.907471 
-69, -1358, -75.396713, -1358.576172, 6.396713, 0.576172 
-102, -1355, -108.738884, -1354.977051, 6.738884, -0.022949 
-102, -1354, -108.632225, -1353.648071, 6.632225, -0.351929 
-135, -1349, -141.810349, -1349.234741, 6.810349, 0.234741 
-135, -1347, -141.670975, -1347.908691, 6.670975, 0.908691 
-134, -1346, -141.461914, -1345.919678, 7.461914, -0.080322 
-167, -1341, -174.407028, -1340.703613, 7.407028, -0.296387 
-167, -1339, -174.149033, -1338.720337, 7.149033, -0.279663 
-199, -1333, -206.772079, -1332.047119, 7.772079, -0.952881 
-199, -1330, -206.363037, -1329.411865, 7.363037, -0.588135 
-231, -1322, -238.698364, -1321.956055, 7.698364, -0.043945 
-231, -1319, -238.224518, -1319.331787, 7.224518, 0.331787 
-231, -1317, -237.750671, -1316.707520, 6.750671, -0.292480 
-263, -1307, -269.580322, -1307.838501, 6.580322, 0.838501 
-262, -1305, -268.907410, -1304.573853, 6.907410, -0.426147 
-294, -1295, -300.364624, -1294.954956, 6.364624, -0.045044 
-293, -1291, -299.611481, -1291.707886, 6.611481, 0.707886 
-293, -1289, -298.858307, -1288.460693, 5.858307, -0.539307 
-323, -1278, -329.679016, -1277.478882, 6.679016, -0.521118 
-322, -1274, -328.846100, -1274.251221, 6.846100, 0.251221 
-353, -1262, -359.045959, -1261.915283, 6.045959, -0.084717 
-351, -1258, -357.951294, -1258.067871, 6.951294, 0.067871 
-350, -1255, -357.039124, -1254.861816, 7.039124, -0.138184 
-381, -1241, -386.460052, -1241.228760, 5.460052, 0.228760 
-379, -1238, -385.270935, -1237.409546, 6.270935, -0.590454 
-409, -1223, -414.357635, -1223.753174, 5.357635, 0.753174 
-407, -1219, -412.861023, -1219.333008, 5.861023, 0.333008 
-405, -1215, -411.364349, -1214.912842, 6.364349, -0.087158 
-434, -1201, -439.566742, -1200.027100, 5.566742, -0.972900 
-431, -1195, -437.732361, -1195.019165, 6.732361, 0.019165 
-459, -1179, -465.329163, -1179.530762, 6.329163, 0.530762 
-458, -1174, -463.371948, -1174.569580, 5.371948, 0.569580 
-455, -1170, -461.414734, -1169.608398, 6.414734, -0.391602 
-482, -1153, -488.012024, -1152.973633, 6.012024, -0.026367 
-481, -1149, -485.933167, -1148.062256, 4.933167, -0.937744 
-506, -1131, -511.871765, -1130.882812, 5.871765, -0.117188 
-503, -1126, -509.397644, -1125.416626, 6.397644, -0.583374 
-502, -1119, -506.923462, -1119.950439, 4.923462, 0.950439 
-526, -1102, -531.754028, -1101.717896, 5.754028, -0.282104 
-523, -1097, -529.145996, -1096.314331, 6.145996, -0.685669 
-547, -1078, -553.255493, -1077.607056, 6.255493, -0.392944 
-545, -1071, -550.210632, -1071.676392, 5.210632, 0.676392 
-569, -1053, -573.576050, -1052.526733, 4.576050, -0.473267 
-565, -1047, -570.385986, -1046.672852, 5.385986, -0.327148 
-562, -1041, -567.195923, -1040.818970, 5.195923, -0.181030 
-577, -1021, -581.666748, -1020.177917, 4.666748, -0.822083 
-561, -1014, -565.000122, -1014.404419, 4.000122, 0.404419 
-567, -994, -572.003052, -994.262695, 5.003052, 0.262695 
-550, -989, -555.199219, -988.901550, 5.199219, -0.098450 
-533, -983, -537.381470, -982.987915, 4.381470, -0.012085 
-539, -963, -543.783203, -963.383789, 4.783203, 0.383789 
-522, -958, -525.825134, -957.910889, 3.825134, -0.089111 
-527, -939, -531.843506, -939.587036, 4.843506, 0.587036 
-509, -934, -513.380981, -934.007080, 4.380981, 0.007080 
-491, -927, -495.583313, -928.377930, 4.583313, 1.377930 
-497, -910, -500.374481, -910.697449, 3.374481, 0.697449 
-478, -905, -481.780090, -905.574097, 3.780090, 0.574097 
-482, -887, -485.891693, -888.683716, 3.891693, 1.683716 
-463, -882, -467.436584, -883.406006, 4.436584, 1.406006 
-445, -878, -448.721619, -878.742310, 3.721619, 0.742310 
-449, -862, -451.655975, -862.598816, 2.655975, 0.598816 
-430, -857, -433.076477, -857.777527, 3.076477, 0.777527 
-433, -842, -435.385437, -842.485229, 2.385437, 0.485229 
-414, -837, -416.692749, -838.123047, 2.692749, 1.123047 
-394, -833, -396.915833, -833.363770, 2.915833, 0.363770 
-395, -818, -398.532928, -819.431396, 3.532928, 1.431396 
-377, -814, -379.298523, -815.030273, 2.298523, 1.030273 
-378, -801, -379.926758, -801.511963, 1.926758, 0.511963 
-358, -797, -360.589783, -797.586060, 2.589783, 0.586060 
-339, -793, -341.903076, -793.513550, 2.903076, 0.513550 
-339, -781, -341.921692, -781.400635, 2.921692, 0.400635 
-319, -777, -322.029724, -777.473755, 3.029724, 0.473755 
-319, -765, -321.579742, -766.335144, 2.579742, 1.335144 
-299, -762, -301.597046, -762.899536, 2.597046, 0.899536 
-281, -758, -282.256714, -759.285339, 1.256714, 1.285339 
-279, -747, -280.816681, -749.158447, 1.816681, 2.158447 
-259, -745, -261.393188, -746.021912, 2.393188, 1.021912 
-258, -735, -259.068207, -736.465210, 1.068207, 1.465210 
-238, -733, -239.573288, -733.808105, 1.573288, 0.808105 
-237, -723, -237.516083, -725.076416, 0.516083, 2.076416 
-217, -722, -217.334259, -723.125977, 0.334259, 1.125977 
-197, -719, -197.270874, -720.519409, 0.270874, 1.519409 
-194, -711, -194.841354, -713.328979, 0.841354, 2.328979 
-174, -710, -174.719833, -711.217468, 0.719833, 1.217468 
-171, -703, -172.022064, -705.081787, 1.022064, 2.081787 
-150, -701, -151.325119, -703.061768, 1.325119, 2.061768 
-131, -699, -131.773224, -701.190613, 0.773224, 2.190613 
-127, -694, -128.268280, -696.221619, 1.268280, 2.221619 
-107, -693, -107.527832, -694.712097, 0.527832, 1.712097 
-105, -689, -104.990715, -690.946228, -0.009285, 1.946228 
-83, -689, -84.219391, -689.948120, 1.219391, 0.948120 
-63, -687, -64.050201, -688.663940, 1.050201, 1.663940 
-61, -683, -60.245163, -685.725098, -0.754837, 2.725098 
-41, -683, -40.050465, -684.938232, -0.949535, 1.938232 
-37, -682, -36.705650, -683.454529, -0.294350, 1.454529 
-17, -681, -15.930899, -682.814453, -1.069101, 1.814453 
5, -681, 4.277041, -682.525330, 0.722959, 1.525330 
8, -681, 8.244544, -682.295532, -0.244544, 1.295532 
29, -681, 29.028769, -682.167480, -0.028769, 1.167480 
32, -681, 32.422962, -682.715698, -0.422962, 1.715698 
53, -681, 53.204025, -683.099792, -0.204025, 2.099792 
73, -681, 73.413971, -683.139893, -0.413971, 2.139893 
77, -683, 76.763664, -685.279297, 0.236336, 2.279297 
97, -683, 96.966515, -685.817383, 0.033485, 2.817383 
101, -687, 100.822525, -688.740356, 0.177475, 1.740356 
121, -687, 121.005997, -689.776001, -0.005997, 2.776001 
141, -689, 141.788025, -690.518188, -0.788025, 1.518188 
144, -694, 144.884155, -695.334412, -0.884155, 1.334412 
165, -694, 165.097473, -696.203125, -0.097473, 2.203125 
168, -701, 168.614807, -701.824402, -0.614807, 0.824402 
188, -702, 188.800598, -703.190857, -0.800598, 1.190857 
190, -707, 191.564560, -709.492371, -1.564560, 2.492371 
210, -710, 211.710541, -711.355835, -1.710541, 1.355835 
230, -711, 231.856537, -713.219177, -1.856537, 2.219177 
233, -719, 234.308319, -721.074219, -1.308319, 2.074219 
253, -722, 254.402252, -723.433472, -1.402252, 1.433472 
256, -730, 256.657623, -731.680664, -0.657623, 1.680664 
276, -733, 276.687408, -734.534302, -0.687408, 1.534302 
296, -735, 296.843658, -736.733276, -0.843658, 1.733276 
297, -745, 298.062927, -746.720154, -1.062927, 1.720154 
317, -747, 318.158875, -749.415039, -1.158875, 2.415039 
318, -759, 318.982269, -760.401733, -0.982269, 1.401733 
337, -762, 338.524353, -763.129822, -1.524353, 1.129822 
357, -765, 358.547821, -766.319031, -1.547821, 1.319031 
358, -777, 359.027588, -778.128845, -1.027588, 1.128845 
378, -781, 378.966492, -781.810425, -0.966492, 0.810425 
377, -794, 378.324921, -794.751953, -1.324921, 0.751953 
397, -797, 397.708862, -798.439392, -0.708862, 1.439392 
416, -801, 417.092773, -802.126831, -1.092773, 1.126831 
414, -815, 416.045013, -815.827820, -2.045013, 0.827820 
434, -819, 435.984253, -819.853027, -1.984253, 0.853027 
433, -834, 434.397919, -834.477234, -1.397919, 0.477234 
452, -838, 453.142914, -838.608765, -1.142914, 0.608765 
470, -842, 471.887909, -842.740234, -1.887909, 0.740234 
468, -858, 469.619110, -858.702759, -1.619110, 0.702759 
486, -862, 488.256592, -863.294861, -2.256592, 1.294861 
484, -879, 485.609955, -879.495056, -1.609955, 0.495056 
502, -883, 504.128632, -884.544861, -2.128632, 1.544861 
521, -889, 522.239136, -889.067810, -1.239136, 0.067810 
517, -906, 518.832581, -906.558228, -1.832581, 0.558228 
536, -911, 536.826111, -911.525818, -0.826111, 0.525818 
532, -929, 532.735229, -929.827393, -0.735229, 0.827393 
549, -934, 550.219055, -934.690369, -1.219055, 0.690369 
544, -954, 544.750427, -953.810730, -0.750427, -0.189270 
561, -959, 562.774536, -959.061951, -1.774536, 0.061951 
578, -965, 580.133301, -964.354248, -2.133301, -0.645752 
573, -983, 574.087341, -984.048096, -1.087341, 1.048096 
590, -990, 591.310425, -989.766479, -1.310425, -0.233521 
584, -1010, 584.148926, -1009.593933, -0.148926, -0.406067 
600, -1015, 600.885437, -1015.161743, -0.885437, 0.161743 
605, -1022, 606.629883, -1021.442261, -1.629883, -0.557739 
584, -1042, 584.541809, -1041.892334, -0.541809, -0.107666 
586, -1047, 587.477539, -1047.125000, -1.477539, 0.125000 
564, -1067, 564.618530, -1067.173706, -0.618530, 0.173706 
566, -1073, 567.736267, -1073.066406, -1.736267, 0.066406 
569, -1078, 570.542236, -1078.369873, -1.542236, 0.369873 
546, -1098, 546.475281, -1097.470215, -0.475281, -0.529785 
549, -1103, 549.149658, -1102.841187, -0.149658, -0.158813 
524, -1122, 524.352966, -1121.471436, -0.352966, -0.528564 
526, -1127, 526.611938, -1126.302734, -0.611938, -0.697266 
529, -1133, 529.153198, -1131.738037, -0.153198, -1.261963 
502, -1150, 503.248474, -1149.316895, -1.248474, -0.683105 
505, -1155, 505.387665, -1154.202515, -0.387665, -0.797485 
478, -1171, 478.563690, -1170.623291, -0.563690, -0.376709 
480, -1177, 480.581879, -1175.559937, -0.581879, -1.440063 
482, -1181, 482.347839, -1179.879639, -0.347839, -1.120361 
454, -1198, 455.028198, -1196.390137, -1.028198, -1.609863 
456, -1202, 456.687134, -1200.751953, -0.687134, -1.248047 
428, -1217, 428.515869, -1216.040527, -0.515869, -0.959473 
429, -1221, 429.845306, -1219.813110, -0.845306, -1.186890 
432, -1226, 431.396301, -1224.214600, 0.603699, -1.785400 
402, -1239, 402.339966, -1238.275635, -0.339966, -0.724365 
404, -1243, 403.576050, -1242.079834, 0.423950, -0.920166 
374, -1257, 373.993988, -1255.479370, 0.006012, -1.520630 
374, -1261, 374.945618, -1258.673950, -0.945618, -2.326050 
376, -1265, 376.087585, -1262.507568, -0.087585, -2.492432 
346, -1277, 345.740936, -1274.607300, 0.259064, -2.392700 
346, -1279, 346.613586, -1277.824463, -0.613586, -1.175537 
316, -1291, 315.819275, -1289.213623, 0.180725, -1.786377 
317, -1294, 316.612427, -1292.451294, 0.387573, -1.548706 
285, -1305, 285.243896, -1302.464600, -0.243896, -2.535400 
286, -1307, 285.956970, -1305.720703, 0.043030, -1.279297 
286, -1310, 286.527466, -1308.325684, -0.527466, -1.674316 
254, -1319, 254.586426, -1316.951416, -0.586426, -2.048584 
256, -1322, 255.092560, -1319.569580, 0.907440, -2.430420 
224, -1330, 222.945602, -1328.083740, 1.054398, -1.916260 
224, -1333, 223.276703, -1330.056152, 0.723297, -2.943848 
224, -1334, 223.607819, -1332.028564, 0.392181, -1.971436 
192, -1342, 191.004684, -1339.113281, 0.995316, -2.886719 
192, -1343, 191.192963, -1340.433228, 0.807037, -2.566772 
158, -1350, 158.343735, -1346.723145, -0.343735, -3.276855 
160, -1351, 158.499420, -1348.047363, 1.500580, -2.952637 
160, -1353, 158.655121, -1349.371582, 1.344879, -3.628418 
126, -1357, 125.484764, -1354.198486, 0.515236, -2.801514 
126, -1358, 125.607788, -1355.526123, 0.392212, -2.473877 
93, -1362, 92.218216, -1358.874512, 0.781784, -3.125488 
93, -1363, 92.263359, -1359.539551, 0.736641, -3.460449 
93, -1363, 92.308495, -1360.204712, 0.691505, -2.795288 
60, -1366, 58.797043, -1362.732178, 1.202957, -3.267822 
60, -1367, 58.825783, -1363.398193, 1.174217, -3.601807 
26, -1367, 25.217422, -1364.433594, 0.782578, -2.566406 
26, -1367, 25.217422, -1364.433594, 0.782578, -2.566406 
26, -1367, 25.217422, -1364.433594, 0.782578, -2.566406 
-7, -1369, -8.406289, -1364.640747, 1.406289, -4.359253 
-7, -1369, -8.406289, -1364.640747, 1.406289, -4.359253 
-41, -1367, -42.004646, -1363.353027, 1.004646, -3.646973 
-41, -1366, -41.984116, -1362.686768, 0.984116, -3.313232 
-41, -1366, -41.963585, -1362.020386, 0.963585, -3.979614 
-74, -1363, -75.470520, -1359.907471, 1.470520, -3.092529 
-74, -1363, -75.433586, -1359.241943, 1.433586, -3.758057 
-107, -1359, -108.792419, -1355.641602, 1.792419, -3.358398 
-107, -1358, -108.685760, -1354.312622, 1.685760, -3.687378 
-141, -1354, -141.880127, -1349.897827, 0.880127, -4.102173 
-141, -1353, -141.740753, -1348.571777, 0.740753, -4.428223 
-141, -1351, -141.601379, -1347.245728, 0.601379, -3.754272 
-173, -1346, -174.492920, -1341.364746, 1.492920, -4.635254 
-173, -1343, -174.234924, -1339.381470, 1.234924, -3.618530 
-206, -1337, -206.874374, -1332.705811, 0.874374, -4.294189 
-205, -1335, -206.567596, -1330.729492, 1.567596, -4.270508 
-205, -1333, -206.158554, -1328.094360, 1.158554, -4.905640 
-237, -1325, -238.461304, -1320.643921, 1.461304, -4.356079 
-237, -1322, -237.987457, -1318.019653, 0.987457, -3.980347 
-269, -1314, -269.849792, -1309.144409, 0.849792, -4.855591 
-267, -1310, -269.176819, -1305.879639, 2.176819, -4.120361 
-267, -1309, -268.638489, -1303.267944, 1.638489, -5.732056 
-298, -1298, -299.912781, -1293.006714, 1.912781, -4.993286 
-298, -1294, -299.159607, -1289.759521, 1.159607, -4.240479 
-329, -1283, -330.012146, -1278.769897, 1.012146, -4.230103 
-327, -1281, -329.179199, -1275.542358, 2.179199, -5.457642 
-327, -1277, -328.346252, -1272.314697, 1.346252, -4.685303 
-357, -1265, -358.498657, -1259.991577, 1.498657, -5.008423 
-355, -1261, -357.404022, -1256.144287, 2.404022, -4.855713 
-386, -1249, -387.054504, -1243.138306, 1.054504, -5.861694 
-385, -1245, -385.865356, -1239.319092, 0.865356, -5.680908 
-383, -1239, -384.478088, -1234.863525, 1.478088, -4.136475 
-411, -1226, -413.502625, -1221.227295, 2.502625, -4.772705 
-410, -1222, -412.005951, -1216.807129, 2.005951, -5.192871 
-438, -1207, -440.254700, -1201.905029, 2.254700, -5.094971 
-437, -1203, -438.649597, -1197.523193, 1.649597, -5.476807 
-435, -1198, -436.815186, -1192.515137, 1.815186, -5.484863 
-462, -1182, -464.350189, -1177.050293, 2.350189, -4.949707 
-461, -1178, -462.392944, -1172.089111, 1.392944, -5.910889 
-487, -1161, -489.051208, -1155.429443, 2.051208, -5.570557 
-485, -1155, -486.972351, -1150.518066, 1.972351, -4.481934 
-483, -1150, -484.633606, -1144.992554, 1.633606, -5.007446 
-509, -1133, -510.497070, -1127.846069, 1.497070, -5.153931 
-506, -1127, -508.022949, -1122.379883, 2.022949, -4.620117 
-531, -1110, -532.913452, -1104.119141, 1.913452, -5.880859 
-529, -1105, -530.305420, -1098.715698, 1.305420, -6.284302 
-553, -1086, -554.473755, -1079.979126, 1.473755, -6.020874 
-550, -1079, -551.428833, -1074.048462, 1.428833, -4.951538 
-547, -1074, -548.688477, -1068.710815, 1.688477, -5.289185 
-570, -1054, -571.662292, -1049.014160, 1.662292, -4.985840 
-567, -1049, -568.472229, -1043.160278, 1.472229, -5.839722 
-587, -1029, -589.333435, -1023.064636, 2.333435, -5.935364 
-571, -1022, -572.666748, -1017.291138, 1.666748, -4.708862 
-553, -1017, -555.000122, -1010.940308, 2.000122, -6.059692 
-561, -997, -562.586975, -991.029724, 1.586975, -5.970276 
-543, -990, -544.769226, -985.116089, 1.769226, -4.883911 
-550, -971, -551.582581, -965.889526, 1.582581, -5.110474 
-531, -966, -533.624512, -960.416626, 2.624512, -5.583374 
-514, -959, -516.332275, -954.910889, 2.332275, -4.089111 
-519, -941, -521.239746, -936.319824, 2.239746, -4.680176 
-501, -935, -503.442078, -930.690674, 2.442078, -4.309326 
-506, -918, -508.676758, -913.357361, 2.676758, -4.642639 
-487, -913, -490.082397, -908.234009, 3.082397, -4.765991 
-470, -907, -471.762909, -902.503296, 1.762909, -4.496704 
-474, -890, -475.801880, -885.860596, 1.801880, -4.139404 
-454, -885, -456.685181, -880.664978, 2.685181, -4.335022 
-458, -869, -460.079193, -864.846558, 2.079193, -4.153442 
-439, -865, -441.499695, -860.025269, 2.499695, -4.974731 
-421, -859, -422.920105, -855.203857, 1.920105, -3.796143 
-422, -845, -424.512054, -840.277100, 2.512054, -4.722900 
-403, -839, -405.391907, -835.403320, 2.391907, -3.596680 
-405, -825, -407.056274, -821.261841, 2.056274, -3.738159 
-386, -821, -387.821899, -816.860596, 1.821899, -4.139404 
-366, -817, -368.587463, -812.459473, 2.587463, -4.540527 
-366, -803, -369.155579, -799.205750, 3.155579, -3.794250 
-347, -799, -349.818573, -795.279907, 2.818573, -3.720093 
-347, -786, -349.878235, -782.971436, 2.878235, -3.028564 
-329, -782, -330.632843, -778.881958, 1.632843, -3.118042 
-327, -770, -330.215302, -767.530884, 3.215302, -2.469116 
-307, -767, -310.232635, -764.095215, 3.232635, -2.904785 
-287, -763, -290.250000, -760.659607, 3.250000, -2.340393 
-287, -753, -289.479126, -750.141052, 2.479126, -2.858948 
-267, -750, -269.417908, -747.198730, 2.417908, -2.801270 
-266, -741, -268.250427, -737.677185, 2.250427, -3.322815 
-246, -738, -248.122742, -735.229980, 2.122742, -2.770020 
-226, -734, -228.129669, -732.129883, 2.129669, -1.870117 
-223, -726, -226.543152, -724.111328, 3.543152, -1.888672 
-203, -723, -206.479782, -721.504822, 3.479782, -1.495178 
-201, -715, -204.071762, -714.087158, 3.071762, -0.912842 
-181, -714, -183.950226, -711.975769, 2.950226, -2.024231 
-161, -711, -163.828735, -709.864258, 2.828735, -1.135742 
-158, -705, -160.571411, -703.592285, 2.571411, -1.407715 
-138, -703, -140.403992, -701.977234, 2.403992, -1.022766 
-134, -698, -136.916000, -696.795410, 2.916000, -1.204590 
-114, -697, -116.714905, -695.677673, 2.714905, -1.322327 
-94, -695, -96.583496, -693.896973, 2.583496, -1.103027 
-90, -691, -92.878777, -690.308594, 2.878777, -0.691406 
-70, -690, -72.709610, -689.024414, 2.709610, -0.975586 
-66, -687, -69.468765, -686.237000, 3.468765, -0.763000 
-46, -686, -49.274078, -685.450134, 3.274078, -0.549866 
-25, -685, -27.926479, -684.599304, 2.926479, -0.400696 
-22, -683, -24.576942, -683.414307, 2.576942, 0.414307 
-2, -682, -4.389505, -682.458862, 2.389505, 0.458862 
2, -682, -0.992748, -682.352417, 2.992748, 0.352417 
24, -682, 19.791466, -682.224426, 4.208534, 0.224426 
44, -682, 40.575676, -682.096375, 3.424324, 0.096375 
48, -682, 43.968166, -682.929077, 4.031834, 0.929077 
68, -682, 64.178116, -682.969238, 3.821884, 0.969238 
72, -685, 68.097183, -685.239014, 3.902817, 0.239014 
92, -685, 88.300064, -685.777100, 3.699936, 0.777100 
112, -685, 109.094078, -686.007019, 2.905922, 1.007019 
116, -689, 112.342865, -689.522217, 3.657135, 0.522217 
137, -689, 133.124908, -690.264343, 3.875092, 1.264343 
140, -694, 136.229874, -694.867371, 3.770126, 0.867371 
160, -694, 156.443176, -695.736084, 3.556824, 1.736084 
164, -699, 159.974686, -701.144226, 4.025314, 2.144226 
184, -701, 180.160446, -702.510742, 3.839554, 1.510742 
204, -702, 200.346283, -703.877197, 3.653717, 1.877197 
206, -709, 203.089584, -710.463013, 2.910416, 1.463013 
226, -710, 223.235596, -712.326416, 2.764404, 2.326416 
229, -718, 225.712509, -719.969238, 3.287491, 1.969238 
249, -721, 245.806458, -722.328369, 3.193542, 1.328369 
269, -722, 265.386230, -724.263306, 3.613770, 2.263306 
272, -731, 268.121460, -733.217712, 3.878540, 2.217712 
290, -733, 287.647614, -735.634399, 2.352386, 2.634399 
293, -742, 289.531982, -745.192993, 3.468018, 3.192993 
312, -745, 308.992676, -748.090027, 3.007324, 3.090027 
332, -747, 329.088654, -750.784912, 2.911346, 3.784912 
333, -759, 329.874634, -762.040527, 3.125366, 3.040527 
353, -762, 349.898163, -765.229736, 3.101837, 3.229736 
353, -774, 350.407349, -776.826904, 2.592651, 2.826904 
373, -777, 369.876282, -780.035645, 3.123718, 3.035645 
393, -781, 389.815125, -783.717224, 3.184875, 2.717224 
393, -793, 389.771790, -796.770752, 3.228210, 3.770752 
412, -797, 408.697510, -799.973999, 3.302490, 2.973999 
410, -810, 408.151611, -813.964111, 1.848389, 3.964111 
430, -814, 427.438812, -818.128052, 2.561188, 4.128052 
449, -818, 446.279907, -821.796509, 2.720093, 3.796509 
448, -833, 444.642761, -836.673523, 3.357239, 3.673523 
466, -837, 463.821503, -841.311279, 2.178497, 4.311279 
464, -853, 461.590393, -857.075439, 2.409607, 4.075439 
484, -857, 480.464905, -861.044434, 3.535095, 4.044434 
502, -861, 499.102417, -865.636597, 2.897583, 4.636597 
498, -878, 495.734070, -882.193298, 2.265930, 4.193298 
517, -882, 514.913330, -887.153076, 2.086670, 5.153076 
513, -899, 510.893280, -904.537781, 2.106720, 5.537781 
532, -905, 528.886841, -909.505371, 3.113159, 4.505371 
528, -923, 524.848145, -927.611938, 3.151855, 4.611938 
545, -927, 542.331909, -932.474976, 2.668091, 5.474976 
564, -933, 560.861816, -937.827026, 3.138184, 4.827026 
557, -951, 554.944458, -956.652832, 2.055542, 5.652832 
574, -957, 572.303162, -961.945190, 1.696838, 4.945190 
569, -977, 566.319214, -981.446716, 2.680786, 4.446716 
586, -982, 583.542236, -987.165039, 2.457764, 5.165039 
604, -987, 601.431519, -992.858765, 2.568481, 5.858765 
596, -1007, 593.524292, -1012.942627, 2.475708, 5.942627 
608, -1013, 604.927917, -1018.576111, 3.072083, 5.576111 
585, -1034, 582.911011, -1038.985107, 2.088989, 4.985107 
589, -1039, 586.172974, -1044.799316, 2.827026, 5.799316 
592, -1045, 589.434875, -1050.613403, 2.565125, 5.613403 
569, -1065, 566.177368, -1070.120117, 2.822632, 5.120117 
572, -1070, 569.295044, -1076.012939, 2.704956, 6.012939 
548, -1090, 545.286316, -1095.083252, 2.713684, 5.083252 
550, -1095, 547.960693, -1100.454346, 2.039307, 5.454346 
553, -1101, 550.635132, -1105.825195, 2.364868, 4.825195 
528, -1118, 525.482056, -1123.887207, 2.517944, 5.887207 
530, -1123, 528.023315, -1129.322510, 1.976685, 6.322510 
505, -1142, 502.178436, -1146.874390, 2.821564, 4.874390 
506, -1146, 504.317688, -1151.759888, 1.682312, 5.759888 
509, -1151, 506.456879, -1156.645386, 2.543121, 5.645386 
482, -1169, 479.825531, -1173.708496, 2.174469, 4.708496 
484, -1173, 481.591431, -1178.028198, 2.408569, 5.028198 
457, -1189, 454.317444, -1194.520752, 2.682556, 5.520752 
458, -1194, 455.976410, -1198.882568, 2.023590, 4.882568 
460, -1198, 457.635345, -1203.244385, 2.364655, 5.244385 
432, -1213, 429.180786, -1217.926758, 2.819214, 4.926758 
433, -1217, 430.731781, -1222.328247, 2.268219, 5.328247 
404, -1231, 401.721924, -1236.373657, 2.278076, 5.373657 
405, -1235, 402.957977, -1240.177856, 2.042023, 5.177856 
406, -1239, 404.194061, -1243.982056, 1.805939, 4.982056 
377, -1253, 374.564636, -1257.396240, 2.435364, 4.396240 
378, -1257, 375.706604, -1261.229858, 2.293396, 4.229858 
348, -1269, 345.391541, -1273.320557, 2.608459, 4.320557 
348, -1271, 346.264160, -1276.537598, 1.735840, 5.537598 
317, -1283, 315.501953, -1287.918701, 1.498047, 4.918701 
318, -1286, 316.295074, -1291.156250, 1.704926, 5.156250 
318, -1289, 316.929565, -1293.746338, 1.070435, 4.746338 
288, -1299, 285.672302, -1304.418091, 2.327698, 5.418091 
288, -1302, 286.242767, -1307.022949, 1.757233, 5.022949 
256, -1311, 254.460129, -1316.296875, 1.539871, 5.296875 
257, -1314, 254.966278, -1318.915039, 2.033722, 4.915039 
257, -1317, 255.345871, -1320.878662, 1.654129, 3.878662 
225, -1325, 223.056183, -1328.741211, 1.943817, 3.741211 
225, -1327, 223.497650, -1331.371094, 1.502350, 4.371094 
193, -1334, 190.910461, -1338.453369, 2.089539, 4.453369 
193, -1335, 191.098740, -1339.773315, 1.901260, 4.773315 
193, -1337, 191.381149, -1341.753296, 1.618851, 4.753296 
160, -1343, 158.421204, -1347.385376, 1.578796, 4.385376 
160, -1345, 158.576904, -1348.709473, 1.423096, 3.709473 
126, -1349, 125.422836, -1353.534790, 0.577164, 4.534790 
126, -1350, 125.545860, -1354.862427, 0.454140, 4.862427 
128, -1351, 125.668884, -1356.190063, 2.331116, 5.190063 
93, -1355, 92.263260, -1359.539551, 0.736740, 4.539551 
94, -1357, 92.308395, -1360.204712, 1.691605, 3.204712 
60, -1359, 58.797607, -1362.732178, 1.202393, 3.732178 
60, -1359, 58.826347, -1363.398193, 1.173653, 4.398193 
60, -1359, 58.826347, -1363.398193, 1.173653, 4.398193 
26, -1361, 25.217663, -1364.433594, 0.782337, 3.433594 
26, -1361, 25.217663, -1364.433594, 0.782337, 3.433594 
-7, -1361, -8.406351, -1364.640747, 1.406351, 3.640747 
-7, -1361, -8.406351, -1364.640747, 1.406351, 3.640747 
-7, -1361, -8.406351, -1364.640747, 1.406351, 3.640747 
-41, -1359, -42.004745, -1363.353027, 1.004745, 4.353027 
-41, -1359, -41.984219, -1362.686768, 0.984219, 3.686768 
-75, -1357, -75.507874, -1360.572998, 0.507874, 3.572998 
-75, -1355, -75.433990, -1359.241821, 0.433990, 4.241821 
-109, -1353, -108.846207, -1356.306152, -0.153793, 3.306152 
-109, -1351, -108.739548, -1354.977051, -0.260452, 3.977051 
-109, -1350, -108.632889, -1353.648071, -0.367111, 3.648071 
-142, -1346, -141.810486, -1349.234619, -0.189514, 3.234619 
-141, -1345, -141.671112, -1347.908691, 0.671112, 2.908691 
-174, -1339, -174.578674, -1342.025879, 0.578674, 3.025879 
-174, -1337, -174.320679, -1340.042480, 0.320679, 3.042480 
-174, -1335, -174.062683, -1338.059326, 0.062683, 3.059326 
-206, -1329, -206.669662, -1331.388428, 0.669662, 2.388428 
-206, -1327, -206.362885, -1329.411987, 0.362885, 2.411987 
-238, -1319, -238.579895, -1321.299805, 0.579895, 2.299805 
-238, -1317, -238.106064, -1318.675659, 0.106064, 1.675659 
-238, -1314, -237.632233, -1316.051392, -0.367767, 2.051392 
-270, -1305, -269.446075, -1307.185547, -0.553925, 2.185547 
-269, -1302, -268.907715, -1304.573730, -0.092285, 2.573730 
-301, -1293, -300.214478, -1294.305420, -0.785522, 1.305420 
-299, -1290, -299.611938, -1291.707764, 0.611938, 1.707764 
-299, -1286, -298.858765, -1288.460571, -0.141235, 2.460571 
-330, -1275, -329.513062, -1276.833252, -0.486938, 1.833252 
-329, -1271, -328.680115, -1273.605591, -0.319885, 2.605591 
-359, -1259, -358.863647, -1261.274048, -0.136353, 2.274048 
-358, -1257, -357.951477, -1258.067871, -0.048523, 1.067871 
-357, -1253, -356.856812, -1254.220703, -0.143188, 1.220703 
-387, -1239, -386.459778, -1241.228760, -0.540222, 2.228760 
-386, -1235, -385.072479, -1236.773193, -0.927521, 1.773193 
-414, -1222, -414.143860, -1223.121704, 0.143860, 1.121704 
-413, -1217, -412.647186, -1218.701538, -0.352814, 1.701538 
-411, -1213, -411.150513, -1214.281372, 0.150513, 1.281372 
-439, -1198, -439.337616, -1199.401123, 0.337616, 1.401123 
-438, -1194, -437.732513, -1195.019043, -0.267487, 1.019043 
-466, -1178, -465.084808, -1178.910645, -0.915192, 0.910645 
-463, -1173, -463.127563, -1173.949341, 0.127563, 0.949341 
-490, -1157, -489.831421, -1157.271118, -0.168579, 0.271118 
-489, -1151, -487.752563, -1152.359619, -1.247437, 1.359619 
-486, -1146, -485.673706, -1147.448120, -0.326294, 1.448120 
-513, -1130, -511.596863, -1130.275391, -1.403137, 0.275391 
-510, -1125, -509.122742, -1124.809326, -0.877258, -0.190674 
-535, -1106, -534.072754, -1106.520752, -0.927246, 0.520752 
-533, -1101, -531.464661, -1101.117188, -1.535339, 0.117188 
-530, -1095, -528.856567, -1095.713745, -1.143433, 0.713745 
-554, -1077, -552.950867, -1077.013916, -1.049133, 0.013916 
-551, -1071, -549.906006, -1071.083252, -1.093994, 0.083252 
-574, -1051, -572.937927, -1051.355957, -1.062073, 0.355957 
-571, -1045, -569.747803, -1045.502075, -1.252197, 0.502075 
-567, -1039, -566.557739, -1039.648193, -0.442261, 0.648193 
