V_u, V_v, V_w, (int32_t)V_u_f, (int32_t)V_v_f, (int32_t)V_w_f, V_w-V_w_f 
17911, 2906, -20818, 17912, 2906, -20818, 0.816406 
2086, 17222, -19310, 2087, 17222, -19309, -0.292969 
25527, 8298, -33826, 25528, 8298, -33826, 0.601562 
19584, 4031, -23617, 19581, 4032, -23614, -2.417969 
23900, 11569, -35471, 23897, 11570, -35467, -3.757812 
9916, 91, -10009, 9913, 91, -10005, -3.623047 
8225, 7780, -16007, 8222, 7778, -16001, -5.389648 
7675, 4252, -11929, 7673, 4251, -11924, -4.279297 
25510, -10316, -15195, 25499, -10310, -15189, -5.691406 
7556, 6439, -13996, 7552, 6436, -13989, -6.630859 
9731, 3631, -13364, 9725, 3631, -13356, -7.844727 
6355, 21469, -27825, 6349, 21459, -27808, -16.103516 
13915, 640, -14556, 13906, 641, -14548, -7.724609 
15649, 9265, -24915, 15636, 9260, -24896, -18.128906 
25318, 8933, -34253, 25297, 8930, -34228, -24.855469 
17838, 313, -18152, 17821, 316, -18137, -14.617188 
-2293, 28217, -25926, -2294, 28195, -25900, -25.025391 
12163, 11060, -23225, 12149, 11054, -23204, -20.478516 
16511, 8000, -24513, 16491, 7997, -24488, -24.216797 
23975, 4329, -28306, 23948, 4331, -28279, -26.912109 
21832, 6551, -28385, 21802, 6551, -28354, -30.707031 
19349, 12937, -32288, 19321, 12930, -32251, -36.076172 
2021, 19026, -21049, 2013, 19008, -21022, -26.669922 
24854, 12113, -36968, 24814, 12109, -36923, -44.574219 
7115, 5187, -12303, 7103, 5184, -12287, -15.458008 
4925, 20116, -25043, 4909, 20093, -25003, -39.623047 
1344, 7219, -8565, 1339, 7211, -8551, -13.771484 
-352, 26858, -26507, -362, 26825, -26462, -44.039062 
-4130, 17233, -13105, -4130, 17209, -13078, -26.497070 
1884, 20497, -22383, 1871, 20472, -22343, -39.828125 
4155, 3767, -7923, 4144, 3764, -7909, -13.353516 
-6645, 30881, -24238, -6650, 30835, -24185, -52.220703 
7183, 16591, -23775, 7158, 16573, -23732, -42.470703 
7778, 797, -8577, 7761, 801, -8563, -13.882812 
15142, 23585, -38729, 15094, 23562, -38656, -72.750000 
659, 14226, -14887, 646, 14205, -14852, -34.231445 
6950, 21076, -28027, 6917, 21050, -27967, -59.378906 
16824, 13823, -30649, 16769, 13817, -30586, -62.115234 
21410, 3894, -25306, 21352, 3909, -25261, -44.052734 
12223, 25168, -37393, 12168, 25140, -37309, -83.402344 
26676, -3480, -23196, 26608, -3445, -23162, -33.064453 
27616, -2314, -25303, 27544, -2280, -25264, -38.318359 
14745, 5118, -19864, 14697, 5126, -19824, -39.824219 
19940, 8970, -28910, 19872, 8978, -28851, -58.787109 
8343, 3954, -12298, 8314, 3957, -12272, -25.991211 
27516, 550, -28068, 27432, 585, -28018, -49.708984 
-6371, 27855, -21487, -6387, 27800, -21412, -74.447266 
6533, 3184, -9719, 6508, 3188, -9696, -22.188477 
16188, 17659, -33847, 16110, 17651, -33762, -84.578125 
5946, 13705, -19652, 5907, 13690, -19597, -54.548828 
4996, 22010, -27008, 4945, 21980, -26925, -82.201172 
23978, 4304, -28284, 23891, 4335, -28227, -56.914062 
8345, 433, -8779, 8315, 447, -8762, -16.403320 
3476, 32674, -36153, 3408, 32623, -36031, -121.585938 
8012, 17758, -25773, 7954, 17741, -25695, -77.324219 
-4823, 29346, -24525, -4859, 29285, -24426, -98.843750 
4536, 18049, -22586, 4486, 18026, -22512, -73.718750 
5247, 26434, -31682, 5173, 26399, -31572, -109.085938 
22770, 1124, -23895, 22682, 1168, -23850, -44.609375 
14923, 15289, -30213, 14836, 15293, -30129, -83.560547 
2306, 3644, -5951, 2289, 3642, -5932, -18.369141 
6159, 4175, -10336, 6126, 4182, -10308, -27.590820 
277, 1002, -1281, 274, 1001, -1276, -4.636475 
7915, 7573, -15489, 7865, 7579, -15444, -44.399414 
-1439, 6301, -4864, -1447, 6287, -4840, -23.475586 
-5227, 32341, -27115, -5285, 32273, -26988, -126.720703 
-7670, 22965, -15297, -7694, 22907, -15212, -84.035156 
-477, 30425, -29950, -555, 30375, -29819, -130.855469 
12113, 24075, -36190, 11996, 24069, -36066, -123.656250 
-8432, 30022, -21591, -8480, 29952, -21471, -119.048828 
13894, 16076, -29971, 13786, 16091, -29878, -92.816406 
-6676, 28511, -21836, -6726, 28447, -21720, -115.105469 
-7748, 12296, -4549, -7749, 12254, -4504, -44.805176 
-10921, 34047, -23127, -10973, 33962, -22989, -137.988281 
-1828, 13110, -11283, -1861, 13085, -11224, -58.776367 
-1594, 6577, -4985, -1606, 6562, -4956, -28.955566 
-5407, 13912, -8506, -5425, 13874, -8449, -56.397461 
779, 6807, -7587, 753, 6800, -7553, -33.637207 
13809, 12923, -26733, 13699, 12952, -26652, -80.849609 
-9509, 33392, -23885, -9580, 33315, -23735, -149.910156 
10390, 10539, -20930, 10302, 10562, -20864, -65.240234 
7877, 14188, -22066, 7788, 14197, -21986, -79.619141 
-21880, 29950, -8072, -21882, 29833, -7950, -121.638672 
-15445, 23898, -8455, -15456, 23812, -8355, -99.355469 
9932, 25249, -35182, 9783, 25261, -35044, -137.277344 
-1730, 29954, -28226, -1838, 29915, -28077, -148.792969 
-12852, 20712, -7862, -12867, 20640, -7772, -89.934570 
16932, 12229, -29163, 16797, 12286, -29083, -79.363281 
-20579, 30963, -10385, -20600, 30849, -10248, -136.295898 
-2123, 29128, -27006, -2235, 29094, -26859, -146.638672 
-5247, 17372, -12127, -5293, 17335, -12042, -84.374023 
-10099, 33237, -23140, -10187, 33165, -22978, -161.269531 
-2116, 25709, -23594, -2217, 25680, -23462, -131.767578 
-14807, 34057, -19251, -14879, 33965, -19086, -164.910156 
-1501, 27299, -25800, -1617, 27275, -25657, -142.603516 
-7976, 40686, -32712, -8120, 40623, -32503, -208.390625 
5927, 17953, -23881, 5813, 17968, -23782, -98.451172 
-8005, 25445, -17443, -8082, 25395, -17313, -129.830078 
-1956, 35887, -33933, -2115, 35861, -33745, -187.050781 
-15897, 19762, -3867, -15909, 19677, -3767, -99.023682 
-265, 16127, -15864, -342, 16120, -15778, -85.956055 
-1863, 13533, -11671, -1919, 13519, -11599, -71.256836 
6393, 21303, -27698, 6251, 21331, -27583, -114.435547 
6919, 16460, -23380, 6798, 16491, -23290, -89.306641 
-15073, 22379, -7307, -15109, 22297, -7188, -118.387695 
-15987, 22090, -6105, -16016, 22004, -5987, -117.107422 
-3016, 23613, -20598, -3126, 23598, -20472, -125.531250 
-17003, 25282, -8281, -17047, 25192, -8145, -135.823242 
-13225, 21579, -8355, -13270, 21509, -8239, -115.753906 
-9820, 25083, -15265, -9905, 25035, -15129, -135.086914 
-22695, 27222, -4528, -22723, 27102, -4378, -149.013672 
-10460, 11130, -672, -10466, 11075, -608, -63.482117 
-12541, 13049, -510, -12548, 12983, -435, -74.629089 
-5659, 29585, -23928, -5795, 29563, -23768, -159.681641 
1629, 23545, -25175, 1484, 23567, -25051, -123.023438 
-9872, 13702, -3831, -9898, 13652, -3753, -77.186035 
-24041, 31978, -7939, -24103, 31858, -7754, -184.512207 
-17980, 18169, -191, -17992, 18075, -83, -107.732033 
-11258, 31371, -20116, -11384, 31326, -19942, -173.138672 
-13250, 37831, -24584, -13409, 37785, -24376, -207.853516 
-13167, 16075, -2911, -13195, 16010, -2815, -95.330322 
3809, 13391, -17201, 3707, 13428, -17136, -64.769531 
-1912, 9510, -7600, -1960, 9508, -7548, -51.372070 
121, 24431, -24553, -29, 24456, -24427, -125.962891 
-11500, 35268, -23769, -11663, 35239, -23575, -193.349609 
-9135, 37445, -28311, -9324, 37433, -28109, -201.835938 
-7666, 32377, -24713, -7834, 32374, -24539, -173.291016 
-933, 24293, -23362, -1083, 24321, -23238, -123.843750 
-25063, 29776, -4714, -25127, 29657, -4529, -184.257812 
-3497, 25647, -22151, -3645, 25665, -22019, -131.708984 
-12059, 28396, -16338, -12183, 28362, -16179, -158.469727 
-15595, 40262, -24668, -15784, 40229, -24444, -223.220703 
-15440, 34891, -19452, -15594, 34849, -19255, -196.234375 
-20797, 24676, -3881, -20857, 24582, -3724, -156.099121 
-1565, 29515, -27951, -1754, 29560, -27805, -145.019531 
-17201, 34010, -16810, -17345, 33959, -16613, -196.042969 
-16641, 31937, -15298, -16778, 31892, -15113, -184.394531 
-21039, 33122, -12085, -21163, 33050, -11886, -198.436523 
-5096, 20783, -15688, -5213, 20795, -15581, -106.231445 
-8043, 8683, -641, -8065, 8648, -583, -57.920471 
-7581, 15283, -7703, -7650, 15266, -7615, -87.019043 
-27678, 19782, 7894, -27689, 19639, 8049, -155.724121 
-13717, 26499, -12784, -13837, 26469, -12632, -151.905273 
-10526, 31669, -21144, -10699, 31678, -20978, -165.257812 
-16644, 30829, -14186, -16784, 30793, -14008, -177.496094 
-20050, 22591, -2543, -20118, 22510, -2392, -150.542480 
-10611, 31619, -21008, -10786, 31631, -20844, -163.597656 
-5112, 22193, -17082, -5245, 22218, -16973, -108.958984 
-28130, 32682, -4553, -28243, 32580, -4336, -216.527832 
-3268, 14586, -11319, -3356, 14606, -11249, -69.968750 
-13321, 11569, 1750, -13346, 11509, 1837, -87.196289 
-20693, 39988, -19296, -20893, 39965, -19072, -223.326172 
-4785, 13732, -8948, -4862, 13741, -8878, -69.850586 
-20183, 17069, 3112, -20225, 16982, 3243, -131.413574 
-21873, 14131, 7740, -21888, 14022, 7865, -125.486816 
-26067, 16145, 9920, -26080, 16013, 10066, -146.691406 
-6500, 20522, -14023, -6621, 20546, -13925, -97.385742 
-24089, 32671, -8583, -24231, 32612, -8381, -201.960938 
-31242, 23595, 7644, -31298, 23458, 7839, -195.795898 
-21222, 23815, -2596, -21315, 23750, -2434, -161.208496 
-9246, 6133, 3111, -9256, 6090, 3166, -55.426270 
-20184, 26465, -6282, -20303, 26420, -6117, -164.696777 
-14453, 16730, -2279, -14522, 16690, -2168, -110.847656 
-23566, 15858, 7706, -23601, 15752, 7848, -142.680664 
-20392, 20406, -15, -20470, 20340, 129, -144.667114 
-29831, 35447, -5617, -29985, 35372, -5387, -229.665039 
-30477, 23124, 7351, -30545, 23001, 7544, -193.375488 
-2386, 25414, -23029, -2558, 25499, -22940, -88.093750 
-3333, 27994, -24663, -3519, 28086, -24566, -96.125000 
-11371, 31238, -19868, -11558, 31288, -19729, -138.164062 
-8926, 26980, -18056, -9089, 27029, -17939, -116.134766 
-8437, 4533, 3903, -8444, 4493, 3951, -48.224121 
-26315, 12884, 13430, -26332, 12755, 13577, -147.633789 
-18053, 14104, 3948, -18103, 14041, 4062, -114.654785 
-18889, 26065, -7176, -19021, 26048, -7027, -148.794434 
-5109, 13842, -8734, -5191, 13869, -8677, -56.267578 
-5486, 19290, -13805, -5605, 19339, -13734, -70.944336 
-6890, 4205, 2684, -6901, 4176, 2725, -41.171143 
-22208, 15561, 6645, -22264, 15481, 6782, -137.483887 
-13554, 25595, -12042, -13699, 25621, -11922, -119.783203 
-15668, 20435, -4768, -15773, 20425, -4652, -115.985840 
-28557, 13791, 14764, -28590, 13663, 14927, -163.370117 
-7709, 29043, -21335, -7889, 29128, -21238, -96.300781 
-8002, 7756, 245, -8038, 7740, 298, -53.383270 
-19633, 29847, -10215, -19794, 29860, -10065, -149.887695 
-24583, 30465, -5884, -24741, 30452, -5711, -172.719727 
-20381, 16486, 3893, -20454, 16433, 4021, -128.663086 
-19982, 18524, 1456, -20070, 18483, 1586, -130.059937 
-29514, 7071, 22440, -29513, 6914, 22598, -158.585938 
-24041, 17264, 6774, -24115, 17194, 6921, -147.163086 
-15000, 21217, -6220, -15114, 21229, -6115, -104.908691 
-25639, 10925, 14711, -25673, 10817, 14856, -145.087891 
-21054, 13977, 7075, -21114, 13914, 7200, -125.388672 
-18180, 8786, 9393, -18213, 8717, 9496, -103.409180 
-30128, 28667, 1460, -30272, 28624, 1647, -187.465698 
-18462, 32929, -14467, -18646, 32985, -14338, -128.510742 
-28360, 19481, 8879, -28451, 19406, 9044, -165.899414 
-11222, 5091, 6130, -11241, 5048, 6193, -63.086914 
-16953, 11430, 5522, -17008, 11387, 5620, -98.373047 
-9071, 7465, 1605, -9108, 7449, 1659, -54.087769 
-14936, 10846, 4089, -14989, 10815, 4174, -85.500977 
-25324, 19951, 5371, -25425, 19907, 5517, -146.611816 
-28732, 18631, 10100, -28822, 18559, 10263, -163.147461 
-1694, 593, 1099, -1695, 587, 1108, -9.556885 
-10565, 15978, -5414, -10652, 16001, -5349, -64.508301 
-18319, 22312, -3995, -18438, 22327, -3889, -105.943848 
-30829, 26751, 4076, -30969, 26720, 4249, -173.259277 
-18416, 21988, -3574, -18533, 22004, -3471, -102.919678 
-18346, 9964, 8380, -18397, 9917, 8479, -99.783203 
-23289, 3374, 19913, -23302, 3264, 20038, -125.453125 
-24763, 9606, 15156, -24813, 9524, 15288, -132.588867 
-28348, 23598, 4750, -28473, 23571, 4901, -151.446777 
-23792, 10923, 12868, -23851, 10858, 12992, -124.965820 
-9986, 6836, 3148, -10022, 6820, 3201, -53.067383 
-24626, 15287, 9337, -24707, 15241, 9466, -129.356445 
-28312, 21841, 6469, -28429, 21815, 6613, -144.687988 
-40274, 27926, 12347, -40425, 27873, 12552, -205.706055 
-20477, 5991, 14484, -20514, 5923, 14590, -106.760742 
-37293, 28193, 9098, -37446, 28162, 9283, -185.777344 
-31201, 23325, 7875, -31327, 23297, 8030, -155.534668 
-10475, 2787, 7687, -10493, 2752, 7741, -54.250977 
-17312, 6542, 10768, -17351, 6494, 10856, -88.733398 
-21626, 5788, 15835, -21666, 5721, 15944, -109.575195 
-21281, 24737, -3459, -21407, 24771, -3364, -94.664307 
-13319, 16661, -3343, -13403, 16688, -3284, -58.134033 
-9161, 6350, 2810, -9196, 6343, 2852, -42.567139 
-36439, 29305, 7133, -36596, 29298, 7297, -164.655273 
-13179, 10579, 2599, -13235, 10578, 2657, -58.238770 
-18583, 10141, 8440, -18642, 10115, 8526, -86.395508 
-30243, 26347, 3894, -30381, 26355, 4025, -131.796631 
-12142, -36, 12177, -12153, -84, 12238, -61.720703 
-2075, 1564, 510, -2083, 1564, 519, -9.097717 
-22865, 21046, 1817, -22972, 21064, 1908, -91.107178 
-25548, -2009, 27555, -25568, -2116, 27685, -130.384766 
-29434, 27476, 1957, -29573, 27500, 2072, -115.870605 
-26544, 25308, 1234, -26669, 25335, 1334, -100.126099 
-22928, 25418, -2492, -23049, 25459, -2410, -81.650391 
-12349, 15339, -2991, -12418, 15370, -2951, -39.139404 
-13752, 11394, 2356, -13810, 11402, 2407, -51.968262 
-36241, 24874, 11365, -36376, 24869, 11507, -142.137695 
-12797, 542, 12253, -12816, 502, 12313, -60.841797 
-36014, 17127, 18885, -36121, 17089, 19031, -146.574219 
-27436, 24061, 3375, -27552, 24086, 3466, -91.520752 
-14332, 16111, -1780, -14404, 16141, -1737, -42.953003 
-20397, 22168, -1773, -20494, 22208, -1714, -58.791504 
-23612, 27011, -3401, -23728, 27063, -3334, -66.122070 
-28280, 4147, 24131, -28335, 4082, 24253, -122.214844 
-22037, 14853, 7183, -22114, 14857, 7256, -73.622559 
-20269, 11041, 9226, -20332, 11034, 9298, -72.180664 
-23976, 8576, 15399, -24038, 8550, 15488, -89.268555 
-37484, 14553, 22929, -37583, 14517, 23066, -137.320312 
-27075, 20419, 6655, -27173, 20436, 6737, -82.393555 
-40404, 14186, 26216, -40506, 14146, 26360, -144.087891 
-17082, -548, 17628, -17108, -591, 17700, -72.136719 
-19387, 9630, 9756, -19442, 9624, 9817, -61.986328 
-29791, 2777, 27012, -29848, 2720, 27127, -115.775391 
-14527, -2413, 16939, -14546, -2455, 17002, -63.089844 
-9392, 4492, 4898, -9417, 4489, 4927, -29.651367 
-37406, 14293, 23112, -37503, 14269, 23233, -121.376953 
-7709, -4344, 12051, -7713, -4375, 12088, -37.385742 
-41921, 15481, 26440, -42026, 15456, 26569, -129.585938 
-37528, 17972, 19555, -37630, 17966, 19663, -108.851562 
-3937, 1501, 2435, -3946, 1499, 2446, -11.678467 
-22319, -5823, 28140, -22348, -5882, 28230, -90.976562 
-33518, 14398, 19118, -33601, 14393, 19208, -90.328125 
-10743, 3213, 7528, -10766, 3207, 7559, -31.373535 
-12891, -325, 13214, -12912, -346, 13259, -45.333008 
-15371, 1688, 13682, -15400, 1671, 13729, -47.635742 
-30200, 22602, 7596, -30287, 22632, 7655, -59.173340 
-15295, 11186, 4108, -15336, 11200, 4136, -28.850098 
-17214, -13130, 30342, -17225, -13193, 30419, -77.412109 
-30876, 11843, 19032, -30946, 11838, 19107, -75.367188 
-21881, -4525, 26404, -21912, -4564, 26477, -73.080078 
-35268, 10451, 24816, -35341, 10438, 24902, -86.976562 
-32118, 16884, 15234, -32191, 16896, 15294, -60.086914 
-32487, 7987, 24500, -32550, 7974, 24576, -76.296875 
-21306, -11817, 33121, -21328, -11868, 33196, -75.910156 
-15895, -9376, 25269, -15911, -9415, 25327, -58.324219 
-40581, 7973, 32606, -40655, 7954, 32700, -94.558594 
-13644, -13723, 27366, -13652, -13768, 27421, -55.363281 
-22628, -5836, 28462, -22658, -5869, 28527, -65.359375 
-12410, 2792, 9617, -12431, 2789, 9641, -24.193359 
-11777, -19353, 31129, -11779, -19406, 31186, -57.150391 
-27554, 10961, 16593, -27604, 10965, 16639, -46.076172 
-21451, 1896, 19554, -21482, 1885, 19597, -43.072266 
-27250, -232, 27480, -27289, -250, 27539, -59.261719 
-23092, -8823, 31913, -23119, -8851, 31971, -58.171875 
-19038, -12981, 32016, -19056, -13015, 32072, -56.019531 
-11623, -11788, 23409, -11632, -11816, 23449, -40.113281 
-34640, 5540, 29098, -34687, 5536, 29151, -53.378906 
-23545, 2161, 21382, -23576, 2155, 21420, -38.363281 
-24174, 13119, 11054, -24207, 13132, 11075, -21.650391 
-27163, 3924, 23238, -27197, 3921, 23276, -38.046875 
-34853, -1755, 36607, -34894, -1768, 36662, -55.898438 
-26539, 14407, 12131, -26572, 14419, 12153, -22.259766 
-25738, -10611, 36348, -25763, -10633, 36396, -48.746094 
-4599, -3074, 7672, -4602, -3078, 7681, -9.166016 
-3240, -10187, 13424, -3239, -10199, 13439, -15.540039 
-24909, -6363, 31270, -24932, -6376, 31308, -38.429688 
-9608, -906, 10512, -9615, -907, 10523, -11.581055 
-25517, 14187, 11329, -25542, 14198, 11343, -14.424805 
-19791, 9353, 10437, -19807, 9360, 10447, -10.288086 
-32362, 6803, 25557, -32387, 6807, 25580, -23.236328 
-21948, 4346, 17601, -21965, 4348, 17616, -15.968750 
-20735, -13121, 33855, -20746, -13131, 33878, -23.109375 
-8741, 1739, 7000, -8746, 1740, 7005, -5.662109 
-12241, -16084, 28323, -12246, -16092, 28338, -15.775391 
-19593, 9365, 10227, -19603, 9370, 10233, -6.448242 
-26094, -12744, 38837, -26103, -12747, 38851, -14.093750 
-3267, -2198, 5464, -3267, -2198, 5466, -2.176270 
-26411, -538, 26947, -26420, -536, 26957, -10.138672 
-17668, 2319, 15347, -17671, 2320, 15350, -3.784180 
-9183, 3947, 5234, -9184, 3948, 5235, -1.925781 
-7221, -13645, 20864, -7221, -13645, 20866, -2.544922 
-4676, -20722, 25397, -4675, -20724, 25399, -2.464844 
-5221, -21675, 26895, -5220, -21677, 26897, -2.964844 
-18283, 692, 17590, -18282, 693, 17589, 0.839844 
-28246, -5525, 33771, -28244, -5524, 33768, 2.285156 
-19743, 386, 19356, -19738, 386, 19352, 3.710938 
-22887, -9359, 32244, -22882, -9355, 32237, 6.183594 
-8620, 3087, 5532, -8617, 3086, 5531, 0.823242 
-15526, -4197, 19722, -15519, -4195, 19714, 7.074219 
-11325, -14636, 25958, -11319, -14629, 25949, 8.933594 
-19950, -15081, 35030, -19937, -15073, 35011, 18.667969 
-27284, 11131, 16153, -27269, 11123, 16145, 7.084961 
-4490, -3161, 7649, -4486, -3158, 7645, 3.867188 
-14763, -18544, 33306, -14751, -18532, 33283, 22.351562 
-1989, -5655, 7642, -1986, -5650, 7637, 4.799805 
-15818, 2370, 13447, -15804, 2366, 13437, 9.324219 
-10060, -14460, 24518, -10049, -14449, 24498, 19.289062 
-30902, 11696, 19205, -30876, 11683, 19192, 12.320312 
-25371, -5302, 30672, -25343, -5301, 30644, 27.255859 
-9283, -19643, 28924, -9269, -19626, 28896, 27.439453 
-10689, -10756, 21444, -10673, -10746, 21419, 24.060547 
-7796, -13832, 21626, -7782, -13819, 21601, 24.138672 
-4114, -14123, 18235, -4104, -14109, 18214, 20.853516 
-14309, 4136, 10172, -14289, 4127, 10162, 9.686523 
-11766, -10996, 22760, -11746, -10986, 22732, 27.513672 
-5094, -22015, 27108, -5077, -21989, 27066, 41.048828 
1137, -16528, 15390, 1142, -16507, 15365, 24.727539 
-2897, -11488, 14383, -2886, -11474, 14361, 21.559570 
794, -6237, 5442, 795, -6228, 5432, 9.510742 
2561, -16974, 14411, 2565, -16950, 14385, 25.498047 
-18527, -12112, 30638, -18484, -12105, 30589, 48.320312 
-14355, -20772, 35125, -14315, -20750, 35065, 59.398438 
-23721, -14355, 38075, -23661, -14347, 38009, 65.492188 
-4550, -3471, 8019, -4537, -3468, 8005, 13.560059 
-11595, -20824, 32418, -11557, -20799, 32356, 61.283203 
-22032, 2800, 19231, -21983, 2779, 19203, 27.210938 
5610, -21990, 16378, 5614, -21951, 16337, 40.418945 
-5260, -24942, 30200, -5225, -24906, 30131, 68.703125 
-21135, -4271, 25406, -21079, -4282, 25361, 44.277344 
537, -6288, 5750, 541, -6277, 5735, 14.548828 
66, -18318, 18250, 83, -18287, 18203, 46.921875 
-3530, -26349, 29876, -3494, -26307, 29801, 74.529297 
1554, -27392, 25837, 1579, -27343, 25763, 73.298828 
-5098, -8113, 13210, -5074, -8104, 13179, 30.955078 
-4256, -5660, 9915, -4237, -5655, 9892, 22.302734 
-12954, -569, 13522, -12915, -582, 13497, 24.086914 
-10189, -7898, 18085, -10149, -7895, 18045, 39.998047 
4414, -18454, 14037, 4426, -18414, 13988, 48.889648 
-4449, -19200, 23647, -4408, -19171, 23580, 66.800781 
5121, -30464, 25341, 5146, -30402, 25256, 84.984375 
2188, -22210, 20020, 2215, -22167, 19951, 68.246094 
5331, -12810, 7477, 5333, -12778, 7444, 32.183105 
4396, -14186, 9788, 4404, -14152, 9747, 40.067383 
7997, -17624, 9625, 7999, -17578, 9578, 46.128906 
-4876, -5036, 9911, -4850, -5034, 9885, 25.974609 
-16312, -22293, 38603, -16212, -22281, 38494, 108.296875 
1004, -4010, 3004, 1008, -4000, 2991, 12.005371 
-10, -21984, 21993, 33, -21944, 21911, 81.857422 
-15088, -18209, 33296, -14995, -18205, 33201, 94.718750 
771, -14212, 13439, 796, -14184, 13387, 51.017578 
-9590, -3658, 13246, -9544, -3670, 13215, 30.350586 
-6464, -20104, 26565, -6395, -20081, 26477, 87.582031 
6789, -21870, 15080, 6811, -21816, 15004, 75.576172 
-5770, -2424, 8192, -5740, -2432, 8173, 18.873047 
8981, -25086, 16103, 9005, -25020, 16014, 88.282227 
-14999, -16765, 31762, -14896, -16770, 31667, 94.974609 
1446, -32268, 30820, 1518, -32207, 30689, 130.796875 
-5491, -7048, 12537, -5449, -7049, 12498, 38.278320 
1440, -2646, 1205, 1441, -2637, 1196, 8.607666 
-3609, -17098, 20705, -3544, -17079, 20624, 80.445312 
16087, -28526, 12437, 16096, -28434, 12338, 98.318359 
-15210, -19468, 34677, -15089, -19478, 34567, 109.394531 
-8619, -20722, 29340, -8519, -20713, 29232, 107.095703 
-8286, -29093, 37378, -8162, -29070, 37233, 144.531250 
-6453, -25191, 31643, -6344, -25172, 31516, 126.193359 
4819, -15328, 10508, 4844, -15289, 10444, 63.500000 
14999, -26616, 11616, 15013, -26528, 11515, 100.419922 
6198, -14124, 7924, 6216, -14082, 7866, 57.721191 
9835, -20835, 10999, 9857, -20772, 10914, 84.417969 
15279, -32278, 16997, 15318, -32180, 16861, 135.201172 
12311, -27810, 15498, 12348, -27729, 15380, 117.470703 
8207, -12730, 4521, 8212, -12683, 4471, 49.749512 
1469, -20020, 18549, 1534, -19988, 18453, 95.710938 
-5917, -28372, 34288, -5785, -28355, 34141, 146.390625 
-11684, -5936, 17618, -11602, -5972, 17575, 42.494141 
4037, -39682, 35643, 4168, -39619, 35450, 192.453125 
-10871, -16107, 26976, -10755, -16128, 26883, 92.396484 
850, -8294, 7443, 879, -8281, 7402, 40.880859 
1780, -6700, 4918, 1798, -6685, 4886, 31.158203 
12775, -29571, 16794, 12833, -29487, 16654, 139.351562 
-9745, -12355, 22098, -9643, -12382, 22025, 72.792969 
10261, -23598, 13335, 10306, -23530, 13224, 110.859375 
492, -31638, 31145, 626, -31609, 30982, 162.556641 
-3228, -24707, 27934, -3103, -24699, 27803, 130.076172 
12516, -34499, 21981, 12606, -34417, 21810, 170.326172 
-8716, -8745, 17460, -8631, -8777, 17408, 51.687500 
-6340, -11164, 17502, -6255, -11184, 17439, 62.146484 
25155, -30401, 5245, 25165, -30264, 5099, 145.196289 
2633, -15890, 13256, 2694, -15867, 13173, 82.538086 
10948, -16962, 6012, 10973, -16900, 5927, 84.293457 
3269, -19947, 16676, 3348, -19921, 16572, 103.554688 
-95, -32295, 32390, 66, -32285, 32219, 170.785156 
276, -30287, 30011, 426, -30276, 29850, 160.580078 
6968, -24597, 17627, 7054, -24553, 17499, 127.808594 
19710, -21821, 2109, 19717, -21714, 1996, 112.050781 
18242, -25506, 7263, 18276, -25407, 7130, 132.466797 
-3970, -16591, 20559, -3860, -16610, 20471, 88.000000 
4787, -27610, 22822, 4907, -27582, 22674, 147.001953 
19084, -36881, 17795, 19178, -36777, 17598, 196.003906 
-906, -5759, 6664, -869, -5764, 6633, 30.618652 
12173, -28123, 15949, 12261, -28059, 15797, 151.741211 
11186, -21132, 9944, 11245, -21074, 9829, 114.249023 
9343, -36763, 27419, 9498, -36720, 27221, 197.419922 
20619, -37000, 16379, 20716, -36893, 16177, 201.806641 
9164, -26660, 17495, 9269, -26618, 17349, 145.837891 
7782, -15130, 7346, 7828, -15090, 7262, 83.421387 
-6859, -20004, 26862, -6705, -20055, 26760, 101.566406 
14478, -36081, 21602, 14614, -36016, 21402, 199.562500 
18132, -32282, 14149, 18226, -32194, 13967, 181.718750 
17388, -15652, -1738, 17391, -15558, -1832, 94.721191 
24, -9843, 9817, 83, -9849, 9766, 50.697266 
4917, -23657, 18740, 5036, -23648, 18611, 128.474609 
8192, -8690, 496, 8203, -8647, 443, 52.187653 
13072, -19748, 6675, 13125, -19685, 6560, 114.926758 
5213, -31813, 26598, 5385, -31814, 26429, 168.960938 
11404, -12155, 749, 11421, -12096, 674, 74.369141 
16950, -37443, 20490, 17102, -37381, 20279, 210.943359 
8796, -15058, 6260, 8847, -15020, 6172, 87.164551 
10244, -33989, 23743, 10408, -33966, 23557, 185.316406 
14374, -12810, -1566, 14385, -12733, -1651, 85.187378 
386, -21144, 20757, 520, -21170, 20650, 106.839844 
20758, -35843, 15084, 20890, -35764, 14873, 210.155273 
20990, -41168, 20176, 21157, -41096, 19939, 236.535156 
-5985, -24293, 30277, -5794, -24375, 30170, 106.876953 
14176, -37366, 23190, 14355, -37339, 22983, 206.710938 
1104, -10849, 9743, 1171, -10860, 9688, 54.133789 
14230, -36566, 22333, 14408, -36540, 22132, 200.968750 
23647, -18341, -5308, 23658, -18217, -5440, 132.971680 
26408, -39978, 13568, 26558, -39882, 13324, 243.552734 
5217, -21628, 16411, 5340, -21638, 16298, 112.454102 
29240, -21148, -8094, 29248, -20993, -8255, 161.374023 
14488, -31017, 16528, 14635, -30988, 16353, 174.936523 
13381, -16005, 2623, 13429, -15949, 2519, 103.494141 
22312, -33017, 10703, 22443, -32944, 10501, 201.622070 
14215, -25252, 11035, 14328, -25215, 10887, 147.217773 
-191, -8349, 8539, -131, -8370, 8502, 36.172852 
18175, -12793, -5384, 18186, -12699, -5487, 103.387207 
13652, -10393, -3261, 13666, -10324, -3341, 80.585205 
20674, -39623, 18948, 20866, -39589, 18722, 225.025391 
5959, -28577, 22617, 6135, -28615, 22480, 136.865234 
31966, -21034, -10933, 31980, -20868, -11112, 179.131836 
14170, -19722, 5549, 14252, -19679, 5427, 121.556152 
717, -11075, 10356, 792, -11102, 10309, 46.500000 
14493, -21485, 6991, 14588, -21449, 6861, 129.739258 
20374, -36119, 15745, 20549, -36088, 15538, 206.804688 
27773, -35074, 7301, 27912, -34987, 7075, 225.724121 
-573, -23367, 23939, -404, -23447, 23851, 87.068359 
21872, -24852, 2979, 21966, -24778, 2811, 167.515625 
12894, -26928, 14033, 13039, -26928, 13889, 143.114258 
5125, -10409, 5281, 5181, -10407, 5226, 54.924316 
6159, -20388, 14227, 6282, -20414, 14131, 95.182617 
19442, -18326, -1118, 19505, -18253, -1252, 134.609497 
30852, -22383, -8470, 30904, -22243, -8660, 190.493164 
6461, -11041, 4579, 6518, -11036, 4518, 60.856445 
17128, -30774, 13645, 17290, -30767, 13477, 167.983398 
29841, -28974, -868, 29947, -28869, -1077, 209.535767 
1541, -14411, 12869, 1638, -14456, 12817, 51.872070 
18238, -11087, -7153, 18259, -10999, -7259, 106.240723 
11868, -30218, 18349, 12046, -30256, 18209, 139.103516 
17796, -15374, -2424, 17852, -15309, -2542, 118.465820 
3954, -22726, 18771, 4102, -22792, 18689, 81.281250 
23283, -36848, 13564, 23475, -36837, 13361, 202.879883 
2705, -6889, 4182, 2746, -6897, 4150, 31.046387 
18713, -15825, -2889, 18774, -15761, -3012, 123.721436 
921, -2359, 1437, 935, -2362, 1427, 9.921997 
14487, -26766, 12277, 14636, -26783, 12146, 130.733398 
7858, -17159, 9300, 7957, -17179, 9222, 77.864258 
6886, -26886, 19998, 7055, -26955, 19899, 98.117188 
33913, -21599, -12315, 33983, -21463, -12520, 205.009766 
18339, -17524, -816, 18417, -17477, -940, 124.345764 
33266, -30730, -2537, 33404, -30646, -2757, 220.655029 
23123, -31517, 8393, 23288, -31506, 8217, 175.255859 
27753, -16097, -11658, 27803, -15982, -11821, 163.216797 
21636, -19689, -1950, 21726, -19634, -2092, 142.070801 
29749, -32543, 2792, 29910, -32495, 2585, 206.590820 
8000, -29802, 21802, 8184, -29893, 21708, 93.556641 
21126, -18316, -2811, 21210, -18263, -2947, 136.433105 
23212, -31396, 8183, 23380, -31392, 8012, 170.564453 
17631, -31262, 13631, 17808, -31300, 13492, 138.724609 
17443, -11703, -5741, 17491, -11645, -5846, 105.067383 
12402, -10726, -1677, 12453, -10699, -1754, 77.165771 
20085, -15274, -4813, 20155, -15220, -4935, 122.080078 
36907, -35907, -1001, 37086, -35848, -1237, 236.484131 
16445, -27584, 11137, 16600, -27618, 11018, 118.950195 
20262, -10950, -9314, 20306, -10875, -9430, 116.705078 
23398, -16848, -6551, 23477, -16787, -6690, 139.398438 
34387, -32830, -1559, 34554, -32782, -1772, 213.371582 
32911, -15430, -17482, 32971, -15302, -17668, 186.619141 
17992, -27025, 9032, 18141, -27054, 8913, 118.414062 
34814, -26039, -8776, 34941, -25960, -8981, 205.588867 
37991, -28900, -9094, 38136, -28820, -9315, 221.573242 
37996, -24027, -13972, 38111, -23922, -14189, 217.729492 
28515, -30670, 2154, 28678, -30663, 1985, 168.777100 
10967, -9250, -1718, 11015, -9233, -1781, 63.476807 
35404, -24677, -10729, 35528, -24597, -10930, 201.539062 
6551, -13322, 6770, 6625, -13354, 6729, 40.528809 
20271, -7573, -12700, 20305, -7495, -12810, 110.657227 
31518, -27655, -3863, 31664, -27624, -4040, 177.223633 
10168, -2267, -7902, 10178, -2221, -7956, 54.643066 
20243, -1468, -18777, 20246, -1360, -18885, 108.851562 
24767, -6481, -18287, 24800, -6379, -18420, 133.234375 
30840, -14294, -16547, 30914, -14200, -16713, 166.658203 
19915, -3624, -16292, 19935, -3536, -16398, 106.339844 
17019, -19288, 2268, 17122, -19300, 2177, 90.354004 
14139, -10693, -3448, 14196, -10673, -3522, 74.788818 
13280, -15434, 2152, 13362, -15446, 2084, 67.422363 
17122, -27961, 10837, 17269, -28021, 10751, 85.305664 
23511, -29094, 5582, 23665, -29131, 5466, 115.876953 
11431, -15098, 3666, 11510, -15120, 3610, 55.949951 
24533, -3987, -20548, 24561, -3884, -20677, 129.197266 
42564, -27590, -14976, 42718, -27529, -15188, 212.539062 
14806, -1159, -13650, 14819, -1092, -13727, 77.033203 
5091, -2494, -2599, 5106, -2482, -2623, 24.956543 
11024, -13336, 2311, 11092, -13353, 2261, 49.927979 
17404, -27559, 10154, 17543, -27621, 10078, 75.624023 
29991, -18105, -11888, 30094, -18063, -12031, 143.194336 
29583, -29989, 405, 29739, -30011, 272, 132.606934 
26344, -10187, -16158, 26411, -10125, -16285, 127.934570 
9780, -823, -8959, 9792, -783, -9008, 49.687500 
25335, -14319, -11017, 25418, -14283, -11135, 118.846680 
25259, -13563, -11698, 25340, -13526, -11813, 115.541016 
27711, -721, -26991, 27741, -608, -27132, 141.365234 
33220, -14162, -19060, 33313, -14101, -19212, 152.072266 
42613, -23414, -19201, 42752, -23362, -19390, 189.488281 
28588, -4626, -23964, 28638, -4535, -24103, 139.191406 
31699, -11717, -19984, 31781, -11653, -20128, 144.406250 
31402, -8188, -23216, 31470, -8108, -23362, 146.603516 
18996, -23118, 4121, 19105, -23162, 4057, 63.992920 
24006, -22077, -1930, 24117, -22097, -2020, 90.193726 
12137, -7613, -4525, 12180, -7607, -4573, 48.118164 
39812, -21285, -18528, 39939, -21249, -18690, 162.083984 
22716, -5197, -17521, 22765, -5142, -17622, 101.316406 
26034, -21111, -4924, 26141, -21124, -5017, 93.103516 
33434, -6641, -26794, 33504, -6562, -26941, 147.974609 
18804, -7358, -11448, 18855, -7332, -11522, 74.686523 
34652, -10358, -24295, 34737, -10298, -24439, 144.179688 
21559, -12256, -9305, 21630, -12244, -9385, 80.494141 
20528, -9513, -11016, 20588, -9495, -11092, 76.548828 
26063, -24063, -2001, 26174, -24094, -2079, 78.862061 
35614, -6610, -29007, 35691, -6539, -29152, 145.248047 
28855, -13902, -14954, 28940, -13882, -15057, 103.703125 
22398, -14864, -7535, 22475, -14866, -7608, 73.917969 
12347, -3605, -8744, 12378, -3587, -8790, 46.781250 
30563, -2073, -28491, 30619, -2001, -28618, 127.531250 
36852, -9206, -27648, 36938, -9154, -27784, 136.078125 
23374, -5170, -18205, 23427, -5134, -18292, 87.519531 
27603, -23440, -4165, 27707, -23469, -4237, 72.832520 
16951, 5306, -22259, 16969, 5366, -22335, 76.703125 
25805, -16844, -8962, 25888, -16852, -9035, 73.947266 
10556, -1415, -9143, 10578, -1397, -9181, 38.485352 
11474, 2500, -13975, 11489, 2534, -14024, 49.158203 
2126, -645, -1482, 2131, -642, -1488, 6.341675 
6077, -3944, -2134, 6095, -3946, -2149, 15.231201 
14709, -13350, -1360, 14761, -13369, -1391, 31.111328 
28814, -4518, -24297, 28873, -4482, -24391, 94.091797 
26537, -20809, -5729, 26621, -20835, -5785, 56.886719 
9780, 789, -10571, 9796, 809, -10606, 35.163086 
32312, -7792, -24521, 32383, -7765, -24617, 96.505859 
31229, -2238, -28992, 31289, -2195, -29094, 102.138672 
20491, 4736, -25229, 20521, 4782, -25303, 74.396484 
29917, 472, -30390, 29969, 518, -30488, 98.050781 
26800, 4923, -31726, 26841, 4975, -31816, 90.839844 
19175, 162, -19339, 19209, 189, -19398, 59.623047 
19531, -6022, -13511, 19573, -6013, -13560, 49.186523 
33136, -7558, -25579, 33202, -7539, -25663, 84.339844 
28452, -11572, -16882, 28515, -11570, -16944, 62.988281 
8484, 11010, -19496, 8487, 11050, -19537, 41.363281 
24529, -195, -24336, 24571, -168, -24402, 66.439453 
26772, -14854, -11920, 26833, -14866, -11967, 47.688477 
11903, 9690, -21595, 11913, 9727, -21640, 45.753906 
7876, 7810, -15688, 7881, 7838, -15719, 31.872070 
33462, -5567, -27897, 33519, -5551, -27968, 71.300781 
9186, 943, -10130, 9199, 953, -10153, 23.490234 
12939, 6172, -19113, 12954, 6198, -19152, 39.923828 
33814, -6298, -27517, 33869, -6286, -27583, 66.347656 
9635, 19097, -28734, 9635, 19148, -28783, 49.916016 
28820, 1368, -30190, 28861, 1388, -30250, 60.160156 
20349, 7497, -27847, 20373, 7525, -27898, 51.632812 
7619, 17646, -25267, 7619, 17687, -25307, 40.132812 
28082, 6569, -34653, 28117, 6596, -34714, 61.000000 
31968, -10303, -21666, 32016, -10305, -21711, 45.632812 
16583, 3654, -20239, 16602, 3668, -20271, 32.437500 
31500, 3850, -35352, 31538, 3872, -35411, 59.035156 
22377, 288, -22667, 22405, 299, -22705, 38.410156 
30218, -18876, -11342, 30260, -18893, -11366, 24.284180 
13814, -6237, -7578, 13832, -6240, -7591, 13.392090 
8436, 17772, -26210, 8441, 17799, -26240, 30.306641 
31883, -3995, -27889, 31918, -3990, -27928, 39.289062 
7654, 23357, -31014, 7656, 23391, -31048, 34.587891 
18250, -1830, -16421, 18268, -1827, -16440, 19.611328 
22340, -12651, -9689, 22363, -12660, -9703, 14.121094 
14766, 14229, -28997, 14776, 14247, -29023, 26.990234 
29378, 6337, -35717, 29402, 6350, -35752, 35.656250 
16104, -6241, -9864, 16116, -6243, -9872, 8.942383 
32399, 4416, -36818, 32422, 4425, -36847, 29.847656 
10038, -2745, -7295, 10046, -2745, -7301, 6.149414 
18898, -2729, -16170, 18910, -2728, -16181, 11.389648 
2968, 10222, -13191, 2969, 10229, -13198, 7.960938 
7492, 19957, -27451, 7494, 19968, -27462, 11.902344 
8879, 17566, -26446, 8882, 17575, -26457, 11.835938 
11797, 21435, -33234, 11802, 21446, -33249, 15.062500 
8224, 2003, -10228, 8226, 2004, -10231, 3.364258 
27373, -7980, -19395, 27382, -7981, -19400, 5.857422 
26112, -8753, -17361, 26117, -8753, -17363, 2.750000 
12001, 17571, -29574, 12003, 17575, -29578, 4.828125 
11156, 12656, -23814, 11158, 12658, -23817, 3.166016 
